{"stats":{"minecraft:mined":{"minecraft:spruce_planks":10,"minecraft:crafting_table":1,"minecraft:short_grass":1,"minecraft:grass_block":41,"minecraft:spruce_leaves":99,"minecraft:sugar_cane":3,"minecraft:wall_torch":1,"minecraft:large_fern":20,"minecraft:iron_ore":21,"minecraft:sweet_berry_bush":9,"minecraft:spruce_log":162,"minecraft:andesite":1,"minecraft:stripped_spruce_log":1,"minecraft:coal_ore":41,"minecraft:dirt":23,"minecraft:stone":195,"minecraft:fern":1},"minecraft:killed":{"minecraft:pig":1,"minecraft:creeper":1,"minecraft:sheep":3,"minecraft:skeleton":1,"minecraft:zombie":6,"minecraft:drowned":1},"minecraft:broken":{"minecraft:stone_pickaxe":2,"minecraft:stone_axe":1},"minecraft:crafted":{"minecraft:crafting_table":1,"minecraft:spruce_planks":180,"minecraft:iron_helmet":1,"minecraft:wooden_pickaxe":1,"minecraft:spruce_door":3,"minecraft:furnace":3,"minecraft:stone_axe":2,"minecraft:air":0,"minecraft:iron_boots":1,"minecraft:iron_chestplate":1,"minecraft:charcoal":31,"minecraft:stick":24,"minecraft:iron_ingot":20,"minecraft:stone_pickaxe":2,"minecraft:stone_sword":1,"minecraft:chest":1,"minecraft:torch":60,"minecraft:shears":1},"minecraft:custom":{"minecraft:interact_with_furnace":11,"minecraft:mob_kills":14,"minecraft:interact_with_crafting_table":18,"minecraft:leave_game":2,"minecraft:time_since_death":55114,"minecraft:time_since_rest":55114,"minecraft:sprint_one_cm":86244,"minecraft:damage_taken":620,"minecraft:walk_one_cm":189586,"minecraft:damage_dealt":2173,"minecraft:fly_one_cm":34880,"minecraft:open_chest":5,"minecraft:crouch_one_cm":5069,"minecraft:play_time":55114,"minecraft:sneak_time":3759,"minecraft:jump":517,"minecraft:walk_on_water_one_cm":594,"minecraft:total_world_time":55114,"minecraft:fall_one_cm":5467},"minecraft:picked_up":{"minecraft:crafting_table":1,"minecraft:andesite":1,"minecraft:gunpowder":1,"minecraft:dirt":63,"minecraft:bone":1,"minecraft:wheat_seeds":1,"minecraft:spruce_planks":9,"minecraft:sugar_cane":4,"minecraft:raw_iron":21,"minecraft:stick":10,"minecraft:sweet_berries":54,"minecraft:torch":2,"minecraft:porkchop":1,"minecraft:stripped_spruce_log":1,"minecraft:spruce_sapling":11,"minecraft:spruce_log":159,"minecraft:rotten_flesh":5,"minecraft:gray_wool":1,"minecraft:mutton":4,"minecraft:coal":41,"minecraft:white_wool":2,"minecraft:cobblestone":187},"minecraft:used":{"minecraft:stone_sword":66,"minecraft:spruce_door":2,"minecraft:stone_pickaxe":263,"minecraft:spruce_planks":113,"minecraft:chest":1,"minecraft:wooden_pickaxe":21,"minecraft:sugar_cane":4,"minecraft:torch":48,"minecraft:dirt":12,"minecraft:crafting_table":2,"minecraft:stone_axe":266,"minecraft:cobblestone":31,"minecraft:sweet_berries":50,"minecraft:furnace":3}},"DataVersion":3953}